athlete_id,athlete,gender,event,mark,value,wind,unit,kind,higher_better,place,meet,meet_date,date,season,year
8280194,"Archer , Claire",F,6k,20:17.0,1217.0,,s,time,False,11th,NCAA Division I Northeast Region Cross Country Championships,"Nov 14, 2025",2025-11-14,Outdoor,2025
8280194,"Archer , Claire",F,6k,21:01.9,1261.9,,s,time,False,4th,2025 Ivy League Cross Country Championships,"Oct 31, 2025",2025-10-31,Outdoor,2025
8280194,"Archer , Claire",F,6k,20:27.4,1227.4,,s,time,False,17th,Princeton Fall Classic,"Oct 17, 2025",2025-10-17,Outdoor,2025
8280194,"Archer , Claire",F,5k,18:22.4,1102.4,,s,time,False,11th,Iona Br. Paddy Doyle Meet of Champions,"Sep 12, 2025",2025-09-12,Outdoor,2025
8280194,"Archer , Claire",F,6k,20:15.5,1215.5,,s,time,False,12th,NCAA Division I Northeast Region Cross Country Championships,"Nov 15, 2024",2024-11-15,Outdoor,2024
8280194,"Archer , Claire",F,6k,20:17.6,1217.6,,s,time,False,4th,Ivy League Heptagonal Cross Country Championships,"Nov  2, 2024",2024-11-02,Outdoor,2024
8280194,"Archer , Claire",F,6k,20:50.7,1250.7,,s,time,False,2nd,2024 IC4A/ECAC XC Championship,"Oct 18, 2024",2024-10-18,Outdoor,2024
8280194,"Archer , Claire",F,6k,20:22.4,1222.4,,s,time,False,13th,Lehigh Paul Short Run (College),"Oct  5, 2024",2024-10-05,Outdoor,2024
8280194,"Archer , Claire",F,4k,14:26.8,866.8,,s,time,False,2nd,Harvard Yale XC 2024,"Sep  6, 2024",2024-09-06,Outdoor,2024
8280194,"Archer , Claire",F,6k,20:53.1,1253.1,,s,time,False,48th,NCAA Division I Northeast Region Cross Country Championships,"Nov 10, 2023",2023-11-10,Outdoor,2023
8280194,"Archer , Claire",F,6k,22:16.0,1336.0,,s,time,False,39th,Ivy League Heptagonal Cross Country Championships,"Oct 28, 2023",2023-10-28,Outdoor,2023
8280194,"Archer , Claire",F,6k,21:14.5,1274.5,,s,time,False,30th,NCAA Division I Northeast Region Cross Country Championships,"Nov 11, 2022",2022-11-11,Outdoor,2022
8280194,"Archer , Claire",F,6k,21:38.9,1298.9,,s,time,False,16th,Ivy League Heptagonal Cross Country Championships,"Oct 28, 2022",2022-10-28,Outdoor,2022
8280194,"Archer , Claire",F,6k,22:01.1,1321.1,,s,time,False,66th,Weis-Crockett Invitational,"Oct 15, 2022",2022-10-15,Outdoor,2022
8280194,"Archer , Claire",F,6k,21:04.2,1264.2,,s,time,False,129th,Lehigh Paul Short Run (College),"Sep 30, 2022",2022-09-30,Outdoor,2022
8280194,"Archer , Claire",F,5k,18:27.7,1107.7,,s,time,False,46th,Coast-to-Coast Battle in Beantown,"Sep 23, 2022",2022-09-23,Outdoor,2022
8280194,"Archer , Claire",F,5k,18:42.7,1122.7,,s,time,False,20th,HYP,"Sep 10, 2022",2022-09-10,Outdoor,2022
8280195,"Barton, Ruby",F,6k,23:50.7,1430.7,,s,time,False,146th,2024 IC4A/ECAC XC Championship,"Oct 18, 2024",2024-10-18,Outdoor,2024
8280195,"Barton, Ruby",F,6k,23:21.8,1401.8,,s,time,False,109th,Lehigh Paul Short Run (College),"Oct  5, 2024",2024-10-05,Outdoor,2024
9163717,"Benun, Phoebe",F,3000S,10:36.02,636.02,,s,time,False,40th,NCAA Division I East First Rounds,"May 27-30, 2026",2026-05-27,Outdoor,2026
9163717,"Benun, Phoebe",F,5000,16:56.38,1016.38,,s,time,False,5th,2026 Ivy League Heptagonal Outdoor Track and Field Champions,"May 16-17, 2026",2026-05-16,Outdoor,2026
9163717,"Benun, Phoebe",F,3000S,10:17.12,617.12,,s,time,False,,Penn Relays,"Apr 23-25, 2026",2026-04-23,Outdoor,2026
9163717,"Benun, Phoebe",F,5000,16:22.98,982.98,,s,time,False,5th,Bison Outdoor Classic,"Apr 11-13, 2026",2026-04-11,Outdoor,2026
9163717,"Benun, Phoebe",F,3000S,10:43.00,643.0,,s,time,False,35th,Raleigh Relays,"Mar 26-28, 2026",2026-03-26,Indoor,2026
9163717,"Benun, Phoebe",F,3000,9:21.66,561.66,,s,time,False,4th,Ivy League Heptagonal Indoor Track and Field Championships,"Feb 28-Mar  1, 2026",2026-02-28,Indoor,2026
9163717,"Benun, Phoebe",F,DMR,11:28.24,688.24,,s,time,False,5th,Ivy League Heptagonal Indoor Track and Field Championships,"Feb 28-Mar  1, 2026",2026-02-28,Indoor,2026
9163717,"Benun, Phoebe",F,3000,9:32.60,572.6,,s,time,False,66th,BU David Hemery Valentine Invitational (Collegiate),"Feb 13-14, 2026",2026-02-13,Indoor,2026
9163717,"Benun, Phoebe",F,Mile,4:51.49,291.49,,s,time,False,2nd,2026 Penn Invitational,"Jan 30, 2026",2026-01-30,Indoor,2026
9163717,"Benun, Phoebe",F,Mile,4:54.54,294.54,,s,time,False,27th,Dr. Sander Scorcher / Columbia Challenge,"Jan 23-24, 2026",2026-01-23,Indoor,2026
9163717,"Benun, Phoebe",F,3000,9:44.30,584.3,,s,time,False,3rd,Yale-Dartmouth-Columbia,"Jan 17, 2026",2026-01-17,Indoor,2026
9163717,"Benun, Phoebe",F,6k,20:34.8,1234.8,,s,time,False,26th,NCAA Division I Northeast Region Cross Country Championships,"Nov 14, 2025",2025-11-14,Outdoor,2025
9163717,"Benun, Phoebe",F,6k,21:50.2,1310.2,,s,time,False,16th,2025 Ivy League Cross Country Championships,"Oct 31, 2025",2025-10-31,Outdoor,2025
9163717,"Benun, Phoebe",F,6k,21:00.1,1260.1,,s,time,False,45th,Princeton Fall Classic,"Oct 17, 2025",2025-10-17,Outdoor,2025
9163717,"Benun, Phoebe",F,6k,21:17.3,1277.3,,s,time,False,100th,Paul Short Run (College),"Oct  3, 2025",2025-10-03,Outdoor,2025
9163717,"Benun, Phoebe",F,5k,18:49.4,1129.4,,s,time,False,22nd,Iona Br. Paddy Doyle Meet of Champions,"Sep 12, 2025",2025-09-12,Outdoor,2025
7885555,"Bergman, Iris",F,800,2:06.32,126.32,,s,time,False,13th,2026 ACC Outdoor Track & Field Championships,"May 14-16, 2026",2026-05-14,Outdoor,2026
7885555,"Bergman, Iris",F,800,2:08.10,128.1,,s,time,False,2nd,Battle Road Twilight Meet 1,"May  9, 2026",2026-05-09,Outdoor,2026
7885555,"Bergman, Iris",F,800,2:08.70,128.7,,s,time,False,27th,Duke Twilight,"May  3, 2026",2026-05-03,Outdoor,2026
7885555,"Bergman, Iris",F,800,2:07.82,127.82,,s,time,False,68th,2026 Bryan Clay Invitational,"Apr 16-18, 2026",2026-04-16,Outdoor,2026
7885555,"Bergman, Iris",F,1500,4:37.26,277.26,,s,time,False,139th,2026 Bryan Clay Invitational,"Apr 16-18, 2026",2026-04-16,Outdoor,2026
7885555,"Bergman, Iris",F,800,2:08.88,128.88,,s,time,False,14th,Duke Invitational,"Apr 10-11, 2026",2026-04-10,Outdoor,2026
7885555,"Bergman, Iris",F,DMR,10:57.78,657.78,,s,time,False,11th,NCAA Division I Indoor Track & Field Championships,"Mar 13-14, 2026",2026-03-13,Indoor,2026
7885555,"Bergman, Iris",F,800,2:09.62,129.62,,s,time,False,17th,ACC Indoor Track & Field Championships,"Feb 26-28, 2026",2026-02-26,Indoor,2026
7885555,"Bergman, Iris",F,DMR,10:54.09,654.09,,s,time,False,3rd,ACC Indoor Track & Field Championships,"Feb 26-28, 2026",2026-02-26,Indoor,2026
7885555,"Bergman, Iris",F,400,55.97,55.97,,s,time,False,2nd,2026 Saucony Battle for Boston - Last Chance,"Feb 22, 2026",2026-02-22,Indoor,2026
7885555,"Bergman, Iris",F,800,DNF,,,,time,False,,2026 Saucony Battle for Boston - Last Chance,"Feb 22, 2026",2026-02-22,Indoor,2026
7885555,"Bergman, Iris",F,800,2:07.08,127.08,,s,time,False,14th,2026 Husky Classic,"Feb 13-14, 2026",2026-02-13,Indoor,2026
7885555,"Bergman, Iris",F,DMR,10:47.53,647.53,,s,time,False,2nd,2026 Husky Classic,"Feb 13-14, 2026",2026-02-13,Indoor,2026
7885555,"Bergman, Iris",F,800,2:05.99,125.99,,s,time,False,18th,BU John Thomas Terrier Classic (Collegiate),"Jan 31, 2026",2026-01-31,Indoor,2026
7885555,"Bergman, Iris",F,1000,2:49.18,169.18,,s,time,False,7th,2026 Bruce Lehane Scarlet and White (Unat/Club/Pro),"Jan 24, 2026",2026-01-24,Indoor,2026
7885555,"Bergman, Iris",F,1000,2:49.18,169.18,,s,time,False,7th,2026 Bruce Lehane Scarlet and White (Collegiate),"Jan 24, 2026",2026-01-24,Indoor,2026
7885555,"Bergman, Iris",F,4x440y,3:59.22,239.22,,s,time,False,5th,Beantown Challenge,"Jan 17, 2026",2026-01-17,Indoor,2026
7885555,"Bergman, Iris",F,1500,4:31.03,271.03,,s,time,False,13th,BU Sharon Colyear-Danville Season Opener (Collegiate),"Dec  6, 2025",2025-12-06,Indoor,2025
7885555,"Bergman, Iris",F,Mile,4:52.06,292.06,,s,time,False,13th,BU Sharon Colyear-Danville Season Opener (Collegiate),"Dec  6, 2025",2025-12-06,Indoor,2025
7885555,"Bergman, Iris",F,3000,DNF,,,,time,False,,BU Sharon Colyear-Danville Season Opener (Collegiate),"Dec  6, 2025",2025-12-06,Indoor,2025
7885555,"Bergman, Iris",F,6k,21:05.7,1265.7,,s,time,False,237th,NCAA Division I Cross Country Championships,"Nov 22, 2025",2025-11-22,Outdoor,2025
7885555,"Bergman, Iris",F,6k,DNS,,,,time,False,,NCAA Division I Northeast Region Cross Country Championships,"Nov 14, 2025",2025-11-14,Outdoor,2025
7885555,"Bergman, Iris",F,6k,21:24.5,1284.5,,s,time,False,109th,ACC Cross Country Championships,"Oct 31, 2025",2025-10-31,Outdoor,2025
7885555,"Bergman, Iris",F,6k,21:14.4,1274.4,,s,time,False,119th,Missouri Pre-National Invitational,"Oct 17, 2025",2025-10-17,Outdoor,2025
7885555,"Bergman, Iris",F,6k,21:17.5,1277.5,,s,time,False,83rd,Sean Earl Loyola Lakefront Invite,"Oct  3, 2025",2025-10-03,Outdoor,2025
7885555,"Bergman, Iris",F,800,2:05.70,125.7,,s,time,False,3rd,Ivy League Heptagonal Outdoor Track and Field Championships,"May 10-11, 2025",2025-05-10,Outdoor,2025
7885555,"Bergman, Iris",F,800,2:07.67,127.67,,s,time,False,4th,Ivy League Heptagonal Outdoor Track and Field Championships,"May 10-11, 2025",2025-05-10,Outdoor,2025
7885555,"Bergman, Iris",F,4x800,8:47.61,527.61,,s,time,False,7th,Ivy League Heptagonal Outdoor Track and Field Championships,"May 10-11, 2025",2025-05-10,Outdoor,2025
7885555,"Bergman, Iris",F,4x800,8:35.53 (+0.0),515.53,0.0,s,time,False,,Penn Relays,"Apr 24-26, 2025",2025-04-24,Outdoor,2025
7885555,"Bergman, Iris",F,800,2:06.75,126.75,,s,time,False,15th,Wake Forest Invitational 2025,"Apr 17-18, 2025",2025-04-17,Outdoor,2025
7885555,"Bergman, Iris",F,800,2:05.55,125.55,,s,time,False,4th,Sam Howell Invitational,"Apr  4, 2025",2025-04-04,Outdoor,2025
7885555,"Bergman, Iris",F,1500,4:28.97,268.97,,s,time,False,99th,Raleigh Relays,"Mar 27-29, 2025",2025-03-27,Indoor,2025
7885555,"Bergman, Iris",F,800,2:06.73,126.73,,s,time,False,4th,UCF Black & Gold Challenge,"Mar 21-22, 2025",2025-03-21,Indoor,2025
7885555,"Bergman, Iris",F,4x400,3:56.30,236.3,,s,time,False,19th,UCF Black & Gold Challenge,"Mar 21-22, 2025",2025-03-21,Indoor,2025
7885555,"Bergman, Iris",F,1000,2:46.52,166.52,,s,time,False,4th,Ivy League Heptagonal Indoor Track and Field Championships,"Mar  1- 2, 2025",2025-03-01,Indoor,2025
7885555,"Bergman, Iris",F,1000,2:51.03,171.03,,s,time,False,6th,Ivy League Heptagonal Indoor Track and Field Championships,"Mar  1- 2, 2025",2025-03-01,Indoor,2025
7885555,"Bergman, Iris",F,DMR,11:30.07,690.07,,s,time,False,3rd,Ivy League Heptagonal Indoor Track and Field Championships,"Mar  1- 2, 2025",2025-03-01,Indoor,2025
7885555,"Bergman, Iris",F,1000,2:45.16,165.16,,s,time,False,4th,Bruce Lehane Scarlet and White Invitational,"Feb  8, 2025",2025-02-08,Indoor,2025
7885555,"Bergman, Iris",F,1000,2:46.74,166.74,,s,time,False,4th,Boston University John Thomas Terrier Classic,"Jan 31-Feb  1, 2025",2025-01-31,Indoor,2025
7885555,"Bergman, Iris",F,800,2:09.29,129.29,,s,time,False,2nd,2025 Riverhawk Invitational,"Jan 24-25, 2025",2025-01-24,Indoor,2025
7885555,"Bergman, Iris",F,1000,2:53.85,173.85,,s,time,False,2nd,Dartmouth Yale Columbia,"Jan 18, 2025",2025-01-18,Indoor,2025
7885555,"Bergman, Iris",F,4x400,4:00.53,240.53,,s,time,False,3rd,Dartmouth Yale Columbia,"Jan 18, 2025",2025-01-18,Indoor,2025
7885555,"Bergman, Iris",F,Mile,5:00.13,300.13,,s,time,False,4th,Yale Season Opener,"Dec  7, 2024",2024-12-07,Indoor,2024
7885555,"Bergman, Iris",F,4x400,4:02.24,242.24,,s,time,False,3rd,Yale Season Opener,"Dec  7, 2024",2024-12-07,Indoor,2024
7885555,"Bergman, Iris",F,6k,21:40.8,1300.8,,s,time,False,92nd,NCAA Division I Northeast Region Cross Country Championships,"Nov 15, 2024",2024-11-15,Outdoor,2024
7885555,"Bergman, Iris",F,6k,21:34.1,1294.1,,s,time,False,49th,Ivy League Heptagonal Cross Country Championships,"Nov  2, 2024",2024-11-02,Outdoor,2024
7885555,"Bergman, Iris",F,6k,21:40.1,1300.1,,s,time,False,19th,2024 IC4A/ECAC XC Championship,"Oct 18, 2024",2024-10-18,Outdoor,2024
7885555,"Bergman, Iris",F,6k,21:58.0,1318.0,,s,time,False,178th,Lehigh Paul Short Run (College),"Oct  5, 2024",2024-10-05,Outdoor,2024
7885555,"Bergman, Iris",F,4k,14:57.4,897.4,,s,time,False,6th,Harvard Yale XC 2024,"Sep  6, 2024",2024-09-06,Outdoor,2024
7885555,"Bergman, Iris",F,400,59.29,59.29,,s,time,False,31st,UCF Knights Invite,"Mar 22-23, 2024",2024-03-22,Indoor,2024
7885555,"Bergman, Iris",F,1000,3:00.10,180.1,,s,time,False,7th,Y-D-C,"Jan 20, 2024",2024-01-20,Indoor,2024
7885555,"Bergman, Iris",F,4x800,9:13.71,553.71,,s,time,False,4th,Y-D-C,"Jan 20, 2024",2024-01-20,Indoor,2024
7885555,"Bergman, Iris",F,Mile,5:06.63,306.63,,s,time,False,1st,2023 Yale Season Opener,"Dec  9, 2023",2023-12-09,Indoor,2023
7885555,"Bergman, Iris",F,4x400,DNF,,,,time,False,,2023 Yale Season Opener,"Dec  9, 2023",2023-12-09,Indoor,2023
7885555,"Bergman, Iris",F,6k,23:36.6,1416.6,,s,time,False,180th,IC4A/ECAC XC Championship,"Oct 13, 2023",2023-10-13,Outdoor,2023
7885555,"Bergman, Iris",F,6k,23:36.8,1416.8,,s,time,False,330th,Lehigh Paul Short Run (College),"Sep 30, 2023",2023-09-30,Outdoor,2023
7885555,"Bergman, Iris",F,4k,14:54.4,894.4,,s,time,False,24th,2023 HYP,"Sep  9, 2023",2023-09-09,Outdoor,2023
7885555,"Bergman, Iris",F,800,2:14.23,134.23,,s,time,False,19th,Ivy League Outdoor Track & Field Championships,"May  6- 7, 2023",2023-05-06,Outdoor,2023
7885555,"Bergman, Iris",F,800,2:16.06,136.06,,s,time,False,45th,Virginia Challenge,"Apr 20-22, 2023",2023-04-20,Outdoor,2023
7885555,"Bergman, Iris",F,800,2:14.89,134.89,,s,time,False,,Harvard/Yale vs. Oxford/Cambridge,"Apr  8, 2023",2023-04-08,Outdoor,2023
7885555,"Bergman, Iris",F,800,2:15.31,135.31,,s,time,False,6th,UCONN Dog Fight,"Apr  1, 2023",2023-04-01,Outdoor,2023
7885555,"Bergman, Iris",F,500,1:17.22,77.22,,s,time,False,14th,Ivy League Heptagonal Indoor Track & Field Championships,"Feb 25-26, 2023",2023-02-25,Indoor,2023
7885555,"Bergman, Iris",F,4x800,8:53.96,533.96,,s,time,False,5th,Ivy League Heptagonal Indoor Track & Field Championships,"Feb 25-26, 2023",2023-02-25,Indoor,2023
7885555,"Bergman, Iris",F,400,57.00,57.0,,s,time,False,49th,2023 Boston University David Hemery Valentine Invite,"Feb 10-11, 2023",2023-02-10,Indoor,2023
7885555,"Bergman, Iris",F,4x400,3:49.84,229.84,,s,time,False,12th,2023 Boston University David Hemery Valentine Invite,"Feb 10-11, 2023",2023-02-10,Indoor,2023
7885555,"Bergman, Iris",F,400,58.10,58.1,,s,time,False,31st,Boston University Scarlet and White Invite,"Feb  4, 2023",2023-02-04,Indoor,2023
7885555,"Bergman, Iris",F,DMR,11:20.15,680.15,,s,time,False,6th,Boston University Scarlet and White Invite,"Feb  4, 2023",2023-02-04,Indoor,2023
7885555,"Bergman, Iris",F,500,1:15.68 (+0.0),75.68,0.0,s,time,False,3rd,H-Y-P,"Jan 28, 2023",2023-01-28,Indoor,2023
7885555,"Bergman, Iris",F,4x880y,8:59.90,539.9,,s,time,False,1st,H-Y-P,"Jan 28, 2023",2023-01-28,Indoor,2023
7885555,"Bergman, Iris",F,500,1:17.71,77.71000000000001,,s,time,False,5th,2023 Dartmouth vs Columbia vs Yale,"Jan 21, 2023",2023-01-21,Indoor,2023
7885555,"Bergman, Iris",F,4x800,9:19.48,559.48,,s,time,False,4th,2023 Dartmouth vs Columbia vs Yale,"Jan 21, 2023",2023-01-21,Indoor,2023
7885555,"Bergman, Iris",F,500,1:16.63,76.63,,s,time,False,1st,2022 Yale Season Opener,"Dec 10, 2022",2022-12-10,Indoor,2022
7885555,"Bergman, Iris",F,4x400,3:55.12,235.12,,s,time,False,3rd,2022 Yale Season Opener,"Dec 10, 2022",2022-12-10,Indoor,2022
7885555,"Bergman, Iris",F,800,2:24.81,144.81,,s,time,False,19th,Ivy League Outdoor Track & Field Championships,"May  7- 8, 2022",2022-05-07,Outdoor,2022
7885555,"Bergman, Iris",F,400,58.35,58.35,,s,time,False,54th,Virginia Challenge,"Apr 22-23, 2022",2022-04-22,Outdoor,2022
7885555,"Bergman, Iris",F,800,2:15.71,135.71,,s,time,False,48th,Virginia Challenge,"Apr 22-23, 2022",2022-04-22,Outdoor,2022
7885555,"Bergman, Iris",F,800,2:13.01,133.01,,s,time,False,5th,2022 Harvard - Yale Match,"Apr  9, 2022",2022-04-09,Outdoor,2022
7885555,"Bergman, Iris",F,4x400,3:58.25,238.25,,s,time,False,3rd,2022 Harvard - Yale Match,"Apr  9, 2022",2022-04-09,Outdoor,2022
7885555,"Bergman, Iris",F,400,58.03,58.03,,s,time,False,1st,UCONN Dog Fight,"Apr  2, 2022",2022-04-02,Outdoor,2022
7885555,"Bergman, Iris",F,4x400,3:50.22,230.22,,s,time,False,1st,UCONN Dog Fight,"Apr  2, 2022",2022-04-02,Outdoor,2022
7885555,"Bergman, Iris",F,800,2:16.54,136.54,,s,time,False,97th,Raleigh Relays,"Mar 24-26, 2022",2022-03-24,Indoor,2022
7885555,"Bergman, Iris",F,4x400,3:49.39,229.39,,s,time,False,9th,Raleigh Relays,"Mar 24-26, 2022",2022-03-24,Indoor,2022
7885555,"Bergman, Iris",F,800,2:09.95,129.95,,s,time,False,5th,Ivy League Heptagonal Indoor Track & Field Championships,"Feb 26-27, 2022",2022-02-26,Indoor,2022
7885555,"Bergman, Iris",F,4x800,8:52.65,532.65,,s,time,False,2nd,Ivy League Heptagonal Indoor Track & Field Championships,"Feb 26-27, 2022",2022-02-26,Indoor,2022
7885555,"Bergman, Iris",F,800,2:15.54,135.54,,s,time,False,64th,2022 Boston University David Hemery Valentine Invitational,"Feb 11-12, 2022",2022-02-11,Indoor,2022
7885555,"Bergman, Iris",F,800,2:13.78,133.78,,s,time,False,16th,2022 Boston University Bruce Lehane Scarlet and White Invite,"Feb  5, 2022",2022-02-05,Indoor,2022
7885555,"Bergman, Iris",F,1000,2:57.96,177.96,,s,time,False,5th,"Yale. Dartmouth, Columbia","Jan 22, 2022",2022-01-22,Indoor,2022
7885555,"Bergman, Iris",F,4x800,9:14.60,554.6,,s,time,False,1st,"Yale. Dartmouth, Columbia","Jan 22, 2022",2022-01-22,Indoor,2022
7885555,"Bergman, Iris",F,6k,23:15.4,1395.4,,s,time,False,75th,Ivy League Cross Country Championships,"Oct 30, 2021",2021-10-30,Outdoor,2021
7885555,"Bergman, Iris",F,5k,18:42.9,1122.9,,s,time,False,40th,NEICAAA 2021 Cross Country Championships,"Oct  9, 2021",2021-10-09,Outdoor,2021
7885555,"Bergman, Iris",F,6k,22:15.5,1335.5,,s,time,False,167th,Lehigh Paul Short Run (college),"Oct  1, 2021",2021-10-01,Outdoor,2021
8280197,"Carlos, Marina",F,6k,23:57.6,1437.6,,s,time,False,157th,2024 IC4A/ECAC XC Championship,"Oct 18, 2024",2024-10-18,Outdoor,2024
8280197,"Carlos, Marina",F,6k,24:02.2,1442.2,,s,time,False,168th,Lehigh Paul Short Run (College),"Oct  5, 2024",2024-10-05,Outdoor,2024
8280197,"Carlos, Marina",F,5k,20:34.0,1234.0,,s,time,False,29th,Codfish Bowl,"Sep 21, 2024",2024-09-21,Outdoor,2024
8280197,"Carlos, Marina",F,4k,17:18.0,1038.0,,s,time,False,25th,Harvard Yale XC 2024,"Sep  6, 2024",2024-09-06,Outdoor,2024
8280197,"Carlos, Marina",F,6k,25:11.7,1511.7,,s,time,False,263rd,IC4A/ECAC XC Championship,"Oct 14, 2022",2022-10-14,Outdoor,2022
8280197,"Carlos, Marina",F,5k,21:12.6,1272.6,,s,time,False,159th,Coast-to-Coast Battle in Beantown,"Sep 23, 2022",2022-09-23,Outdoor,2022
8280197,"Carlos, Marina",F,5k,21:32.7,1292.7,,s,time,False,41st,HYP,"Sep 10, 2022",2022-09-10,Outdoor,2022
9163718,"Carter, Zoe",F,5k,20:18.6,1218.6,,s,time,False,49th,Iona Br. Paddy Doyle Meet of Champions,"Sep 12, 2025",2025-09-12,Outdoor,2025
8626125,"Chadwick, Hebe",F,1500,4:25.36,265.36,,s,time,False,8th,2026 Ivy League Heptagonal Outdoor Track and Field Champions,"May 16-17, 2026",2026-05-16,Outdoor,2026
8626125,"Chadwick, Hebe",F,1500,4:27.89,267.89,,s,time,False,5th,2026 Ivy League Heptagonal Outdoor Track and Field Champions,"May 16-17, 2026",2026-05-16,Outdoor,2026
8626125,"Chadwick, Hebe",F,1500,4:24.49,264.49,,s,time,False,1st,UMASS Ken O'Brien Pre-Championship Invite,"Apr 25, 2026",2026-04-25,Outdoor,2026
8626125,"Chadwick, Hebe",F,1500,4:30.26,270.26,,s,time,False,1st,2026 Mark Young Invitational,"Apr 18, 2026",2026-04-18,Outdoor,2026
8626125,"Chadwick, Hebe",F,3000,9:25.70,565.7,,s,time,False,7th,Ivy League Heptagonal Indoor Track and Field Championships,"Feb 28-Mar  1, 2026",2026-02-28,Indoor,2026
8626125,"Chadwick, Hebe",F,DMR,11:28.24,688.24,,s,time,False,5th,Ivy League Heptagonal Indoor Track and Field Championships,"Feb 28-Mar  1, 2026",2026-02-28,Indoor,2026
8626125,"Chadwick, Hebe",F,3000,9:31.98,571.98,,s,time,False,65th,BU David Hemery Valentine Invitational (Collegiate),"Feb 13-14, 2026",2026-02-13,Indoor,2026
8626125,"Chadwick, Hebe",F,Mile,4:48.13,288.13,,s,time,False,10th,Dr. Sander Scorcher / Columbia Challenge,"Jan 23-24, 2026",2026-01-23,Indoor,2026
8626125,"Chadwick, Hebe",F,3000,9:38.84,578.84,,s,time,False,1st,Yale-Dartmouth-Columbia,"Jan 17, 2026",2026-01-17,Indoor,2026
8626125,"Chadwick, Hebe",F,6k,20:35.1,1235.1,,s,time,False,27th,NCAA Division I Northeast Region Cross Country Championships,"Nov 14, 2025",2025-11-14,Outdoor,2025
8626125,"Chadwick, Hebe",F,6k,22:07.0,1327.0,,s,time,False,30th,2025 Ivy League Cross Country Championships,"Oct 31, 2025",2025-10-31,Outdoor,2025
8626125,"Chadwick, Hebe",F,6k,20:47.4,1247.4,,s,time,False,29th,Princeton Fall Classic,"Oct 17, 2025",2025-10-17,Outdoor,2025
8626125,"Chadwick, Hebe",F,6k,20:48.5,1248.5,,s,time,False,49th,Paul Short Run (College),"Oct  3, 2025",2025-10-03,Outdoor,2025
8626125,"Chadwick, Hebe",F,5k,18:33.5,1113.5,,s,time,False,17th,Iona Br. Paddy Doyle Meet of Champions,"Sep 12, 2025",2025-09-12,Outdoor,2025
8626125,"Chadwick, Hebe",F,3000,10:06.30,606.3,,s,time,False,12th,Ivy League Heptagonal Indoor Track and Field Championships,"Mar  1- 2, 2025",2025-03-01,Indoor,2025
8626125,"Chadwick, Hebe",F,1500,4:28.12,268.12,,s,time,False,64th,Boston University David Hemery Valentine Invitational,"Feb 14-15, 2025",2025-02-14,Indoor,2025
8626125,"Chadwick, Hebe",F,Mile,4:48.23,288.23,,s,time,False,74th,Boston University David Hemery Valentine Invitational,"Feb 14-15, 2025",2025-02-14,Indoor,2025
8626125,"Chadwick, Hebe",F,3000,9:35.81,575.81,,s,time,False,48th,Boston University John Thomas Terrier Classic,"Jan 31-Feb  1, 2025",2025-01-31,Indoor,2025
8626125,"Chadwick, Hebe",F,Mile,4:50.22,290.22,,s,time,False,3rd,2025 Riverhawk Invitational,"Jan 24-25, 2025",2025-01-24,Indoor,2025
8626125,"Chadwick, Hebe",F,Mile,4:53.40,293.4,,s,time,False,2nd,Dartmouth Yale Columbia,"Jan 18, 2025",2025-01-18,Indoor,2025
8626125,"Chadwick, Hebe",F,4x800,9:19.12,559.12,,s,time,False,3rd,Dartmouth Yale Columbia,"Jan 18, 2025",2025-01-18,Indoor,2025
8626125,"Chadwick, Hebe",F,3000,9:47.33,587.33,,s,time,False,2nd,Yale Season Opener,"Dec  7, 2024",2024-12-07,Indoor,2024
8626125,"Chadwick, Hebe",F,6k,21:54.3,1314.3,,s,time,False,60th,Ivy League Heptagonal Cross Country Championships,"Nov  2, 2024",2024-11-02,Outdoor,2024
8626125,"Chadwick, Hebe",F,6k,21:32.2,1292.2,,s,time,False,17th,2024 IC4A/ECAC XC Championship,"Oct 18, 2024",2024-10-18,Outdoor,2024
8626125,"Chadwick, Hebe",F,3000,10:06.97,606.97,,s,time,False,17th,Ivy League Heptagonal Indoor Track & Field Championships,"Feb 24-25, 2024",2024-02-24,Indoor,2024
8626125,"Chadwick, Hebe",F,Mile,4:56.06,296.06,,s,time,False,5th,2024 Giegengack Invitational,"Feb 10, 2024",2024-02-10,Indoor,2024
8626125,"Chadwick, Hebe",F,Mile,4:59.95,299.95,,s,time,False,160th,Boston University David Hemery Valentine Invitational,"Feb  9-10, 2024",2024-02-09,Indoor,2024
8626125,"Chadwick, Hebe",F,3000,9:41.32,581.32,,s,time,False,5th,2024 Riverhawk Invitational,"Jan 26-27, 2024",2024-01-26,Indoor,2024
8626125,"Chadwick, Hebe",F,Mile,4:50.15,290.15,,s,time,False,4th,Y-D-C,"Jan 20, 2024",2024-01-20,Indoor,2024
8626125,"Chadwick, Hebe",F,4x800,9:13.71,553.71,,s,time,False,4th,Y-D-C,"Jan 20, 2024",2024-01-20,Indoor,2024
8626125,"Chadwick, Hebe",F,6k,21:07.4,1267.4,,s,time,False,63rd,NCAA Division I Northeast Region Cross Country Championships,"Nov 10, 2023",2023-11-10,Outdoor,2023
8626125,"Chadwick, Hebe",F,6k,22:33.6,1353.6,,s,time,False,47th,Ivy League Heptagonal Cross Country Championships,"Oct 28, 2023",2023-10-28,Outdoor,2023
8626125,"Chadwick, Hebe",F,6k,21:44.6,1304.6,,s,time,False,27th,XC23 College & Open,"Oct 14, 2023",2023-10-14,Outdoor,2023
8626125,"Chadwick, Hebe",F,6k,21:42.8,1302.8,,s,time,False,97th,Lehigh Paul Short Run (College),"Sep 30, 2023",2023-09-30,Outdoor,2023
8626125,"Chadwick, Hebe",F,5k,18:33.7,1113.7,,s,time,False,2nd,Codfish Bowl,"Sep 23, 2023",2023-09-23,Outdoor,2023
8280198,"Chamberlin , Anna",F,6k,DNS,,,,time,False,,NCAA Division I Northeast Region Cross Country Championships,"Nov 14, 2025",2025-11-14,Outdoor,2025
8280198,"Chamberlin , Anna",F,6k,23:22.3,1402.3,,s,time,False,67th,2025 Ivy League Cross Country Championships,"Oct 31, 2025",2025-10-31,Outdoor,2025
8280198,"Chamberlin , Anna",F,6k,21:39.6,1299.6,,s,time,False,104th,Princeton Fall Classic,"Oct 17, 2025",2025-10-17,Outdoor,2025
8280198,"Chamberlin , Anna",F,6k,21:22.1,1282.1,,s,time,False,12th,Paul Short Run (College),"Oct  3, 2025",2025-10-03,Outdoor,2025
8280198,"Chamberlin , Anna",F,5k,20:53.6,1253.6,,s,time,False,10th,Fordham Fiasco 2025,"Sep  6, 2025",2025-09-06,Outdoor,2025
8280198,"Chamberlin , Anna",F,6k,22:36.9,1356.9,,s,time,False,80th,Ivy League Heptagonal Cross Country Championships,"Nov  2, 2024",2024-11-02,Outdoor,2024
8280198,"Chamberlin , Anna",F,6k,DNF,,,,time,False,,2024 IC4A/ECAC XC Championship,"Oct 18, 2024",2024-10-18,Outdoor,2024
8280198,"Chamberlin , Anna",F,6k,22:11.0,1331.0,,s,time,False,27th,Lehigh Paul Short Run (College),"Oct  5, 2024",2024-10-05,Outdoor,2024
8280198,"Chamberlin , Anna",F,5k,19:10.5,1150.5,,s,time,False,8th,Codfish Bowl,"Sep 21, 2024",2024-09-21,Outdoor,2024
8280198,"Chamberlin , Anna",F,4k,15:49.7,949.7,,s,time,False,21st,Harvard Yale XC 2024,"Sep  6, 2024",2024-09-06,Outdoor,2024
8280198,"Chamberlin , Anna",F,6k,23:12.3,1392.3,,s,time,False,152nd,IC4A/ECAC XC Championship,"Oct 13, 2023",2023-10-13,Outdoor,2023
8280198,"Chamberlin , Anna",F,6k,22:58.3,1378.3,,s,time,False,255th,Lehigh Paul Short Run (College),"Sep 30, 2023",2023-09-30,Outdoor,2023
8280198,"Chamberlin , Anna",F,5k,19:29.4,1169.4,,s,time,False,16th,Codfish Bowl,"Sep 23, 2023",2023-09-23,Outdoor,2023
8280200,"Fonville , Linde",F,6k,20:54.7,1254.7,,s,time,False,45th,NCAA Division I Northeast Region Cross Country Championships,"Nov 14, 2025",2025-11-14,Outdoor,2025
8280200,"Fonville , Linde",F,6k,22:01.9,1321.9,,s,time,False,26th,2025 Ivy League Cross Country Championships,"Oct 31, 2025",2025-10-31,Outdoor,2025
8280200,"Fonville , Linde",F,6k,20:54.3,1254.3,,s,time,False,35th,Princeton Fall Classic,"Oct 17, 2025",2025-10-17,Outdoor,2025
8280200,"Fonville , Linde",F,6k,21:44.2,1304.2,,s,time,False,172nd,Paul Short Run (College),"Oct  3, 2025",2025-10-03,Outdoor,2025
8280200,"Fonville , Linde",F,5k,18:44.5,1124.5,,s,time,False,21st,Iona Br. Paddy Doyle Meet of Champions,"Sep 12, 2025",2025-09-12,Outdoor,2025
8280200,"Fonville , Linde",F,6k,21:17.3,1277.3,,s,time,False,63rd,NCAA Division I Northeast Region Cross Country Championships,"Nov 15, 2024",2024-11-15,Outdoor,2024
8280200,"Fonville , Linde",F,6k,20:33.4,1233.4,,s,time,False,10th,Ivy League Heptagonal Cross Country Championships,"Nov  2, 2024",2024-11-02,Outdoor,2024
8280200,"Fonville , Linde",F,6k,21:15.8,1275.8,,s,time,False,8th,2024 IC4A/ECAC XC Championship,"Oct 18, 2024",2024-10-18,Outdoor,2024
8280200,"Fonville , Linde",F,6k,20:56.0,1256.0,,s,time,False,41st,Lehigh Paul Short Run (College),"Oct  5, 2024",2024-10-05,Outdoor,2024
8280200,"Fonville , Linde",F,4k,14:32.3,872.3,,s,time,False,3rd,Harvard Yale XC 2024,"Sep  6, 2024",2024-09-06,Outdoor,2024
8280200,"Fonville , Linde",F,6k,21:11.4,1271.4,,s,time,False,69th,NCAA Division I Northeast Region Cross Country Championships,"Nov 10, 2023",2023-11-10,Outdoor,2023
8280200,"Fonville , Linde",F,6k,21:58.0,1318.0,,s,time,False,26th,Ivy League Heptagonal Cross Country Championships,"Oct 28, 2023",2023-10-28,Outdoor,2023
8280200,"Fonville , Linde",F,6k,21:40.4,1300.4,,s,time,False,24th,XC23 College & Open,"Oct 14, 2023",2023-10-14,Outdoor,2023
8280200,"Fonville , Linde",F,6k,21:43.1,1303.1,,s,time,False,98th,Lehigh Paul Short Run (College),"Sep 30, 2023",2023-09-30,Outdoor,2023
8280200,"Fonville , Linde",F,5k,18:02.1,1082.1,,s,time,False,1st,Codfish Bowl,"Sep 23, 2023",2023-09-23,Outdoor,2023
8280200,"Fonville , Linde",F,4k,14:00.6,840.6,,s,time,False,10th,2023 HYP,"Sep  9, 2023",2023-09-09,Outdoor,2023
8280200,"Fonville , Linde",F,6k,22:46.7,1366.7,,s,time,False,123rd,NCAA Division I Northeast Region Cross Country Championships,"Nov 11, 2022",2022-11-11,Outdoor,2022
8280200,"Fonville , Linde",F,6k,23:34.9,1414.9,,s,time,False,77th,Ivy League Heptagonal Cross Country Championships,"Oct 28, 2022",2022-10-28,Outdoor,2022
8280200,"Fonville , Linde",F,6k,23:00.5,1380.5,,s,time,False,97th,IC4A/ECAC XC Championship,"Oct 14, 2022",2022-10-14,Outdoor,2022
8280200,"Fonville , Linde",F,6k,22:23.8,1343.8,,s,time,False,329th,Lehigh Paul Short Run (College),"Sep 30, 2022",2022-09-30,Outdoor,2022
8280200,"Fonville , Linde",F,5k,18:59.9,1139.9,,s,time,False,87th,Coast-to-Coast Battle in Beantown,"Sep 23, 2022",2022-09-23,Outdoor,2022
8280200,"Fonville , Linde",F,5k,19:05.8,1145.8,,s,time,False,25th,HYP,"Sep 10, 2022",2022-09-10,Outdoor,2022
8626124,"Gangadharan, Priya",F,800,2:18.11,138.11,,s,time,False,23rd,2026 Ivy League Heptagonal Outdoor Track and Field Champions,"May 16-17, 2026",2026-05-16,Outdoor,2026
8626124,"Gangadharan, Priya",F,4x800,8:45.32,525.32,,s,time,False,3rd,2026 Ivy League Heptagonal Outdoor Track and Field Champions,"May 16-17, 2026",2026-05-16,Outdoor,2026
8626124,"Gangadharan, Priya",F,800,2:13.41,133.41,,s,time,False,1st,UMASS Ken O'Brien Pre-Championship Invite,"Apr 25, 2026",2026-04-25,Outdoor,2026
8626124,"Gangadharan, Priya",F,4x400,DNF,,,,time,False,,UMASS Ken O'Brien Pre-Championship Invite,"Apr 25, 2026",2026-04-25,Outdoor,2026
8626124,"Gangadharan, Priya",F,800,DNF,,,,time,False,,2026 Mark Young Invitational,"Apr 18, 2026",2026-04-18,Outdoor,2026
8626124,"Gangadharan, Priya",F,1500,DNF,,,,time,False,,2026 Mark Young Invitational,"Apr 18, 2026",2026-04-18,Outdoor,2026
8626124,"Gangadharan, Priya",F,4x400,4:08.01,248.01,,s,time,False,2nd,2026 Mark Young Invitational,"Apr 18, 2026",2026-04-18,Outdoor,2026
8626124,"Gangadharan, Priya",F,800,2:11.77,131.77,,s,time,False,14th,Bison Outdoor Classic,"Apr 11-13, 2026",2026-04-11,Outdoor,2026
8626124,"Gangadharan, Priya",F,800,2:13.97,133.97,,s,time,False,4th,UConn Dog Fight,"Apr  4, 2026",2026-04-04,Outdoor,2026
8626124,"Gangadharan, Priya",F,1500,4:55.75,295.75,,s,time,False,10th,UMASS Flagship Opener,"Mar 28, 2026",2026-03-28,Indoor,2026
8626124,"Gangadharan, Priya",F,5000,DNF,,,,time,False,,UMASS Flagship Opener,"Mar 28, 2026",2026-03-28,Indoor,2026
8626124,"Gangadharan, Priya",F,800,2:21.62,141.62,,s,time,False,9th,Yale Giegengack Invitational,"Feb 14, 2026",2026-02-14,Indoor,2026
8626124,"Gangadharan, Priya",F,Mile,5:13.36,313.36,,s,time,False,5th,Yale Giegengack Invitational,"Feb 14, 2026",2026-02-14,Indoor,2026
8626124,"Gangadharan, Priya",F,Mile,5:15.03,315.03,,s,time,False,13th,2026 Penn Invitational,"Jan 30, 2026",2026-01-30,Indoor,2026
8626124,"Gangadharan, Priya",F,6k,DNF,,,,time,False,,Princeton Fall Classic,"Oct 17, 2025",2025-10-17,Outdoor,2025
8626124,"Gangadharan, Priya",F,6k,22:36.5,1356.5,,s,time,False,63rd,Paul Short Run (College),"Oct  3, 2025",2025-10-03,Outdoor,2025
8626124,"Gangadharan, Priya",F,5k,DNS,,,,time,False,,Iona Br. Paddy Doyle Meet of Champions,"Sep 12, 2025",2025-09-12,Outdoor,2025
8626124,"Gangadharan, Priya",F,5k,19:32.1,1172.1,,s,time,False,14th,Codfish Bowl,"Sep 21, 2024",2024-09-21,Outdoor,2024
8626124,"Gangadharan, Priya",F,4k,15:41.5,941.5,,s,time,False,19th,Harvard Yale XC 2024,"Sep  6, 2024",2024-09-06,Outdoor,2024
8626124,"Gangadharan, Priya",F,1500,4:46.48,286.48,,s,time,False,4th,2024 Yale Springtime,"Apr 28, 2024",2024-04-28,Outdoor,2024
8626124,"Gangadharan, Priya",F,1500,4:46.36,286.36,,s,time,False,6th,2024 Mark Young Invitational,"Apr 20, 2024",2024-04-20,Outdoor,2024
8626124,"Gangadharan, Priya",F,1500,4:55.75,295.75,,s,time,False,18th,UCONN Northeast Challenge,"Apr 12-13, 2024",2024-04-12,Outdoor,2024
8626124,"Gangadharan, Priya",F,800,2:19.73,139.73,,s,time,False,4th,2024 Yale vs. Harvard Dual,"Apr  6, 2024",2024-04-06,Outdoor,2024
8626124,"Gangadharan, Priya",F,800,2:28.17,148.17000000000002,,s,time,False,25th,UCONN Dog Fight,"Mar 30, 2024",2024-03-30,Indoor,2024
8626124,"Gangadharan, Priya",F,1500,4:54.18,294.18,,s,time,False,12th,UCONN Dog Fight,"Mar 30, 2024",2024-03-30,Indoor,2024
8626124,"Gangadharan, Priya",F,800,2:18.85,138.85,,s,time,False,30th,IC4A/ECAC Indoor Track & Field Championships,"Mar  1- 3, 2024",2024-03-01,Indoor,2024
8626124,"Gangadharan, Priya",F,800,2:19.72,139.72,,s,time,False,6th,2024 Giegengack Invitational,"Feb 10, 2024",2024-02-10,Indoor,2024
8626124,"Gangadharan, Priya",F,800,2:26.09,146.09,,s,time,False,29th,2024 Riverhawk Invitational,"Jan 26-27, 2024",2024-01-26,Indoor,2024
8626124,"Gangadharan, Priya",F,800,2:31.39,151.39,,s,time,False,8th,Y-D-C,"Jan 20, 2024",2024-01-20,Indoor,2024
8626124,"Gangadharan, Priya",F,6k,23:42.7,1422.7,,s,time,False,188th,IC4A/ECAC XC Championship,"Oct 13, 2023",2023-10-13,Outdoor,2023
8626124,"Gangadharan, Priya",F,5k,20:11.2,1211.2,,s,time,False,29th,Codfish Bowl,"Sep 23, 2023",2023-09-23,Outdoor,2023
8626124,"Gangadharan, Priya",F,4k,DNF,,,,time,False,,2023 HYP,"Sep  9, 2023",2023-09-09,Outdoor,2023
8916247,"Heijnen, Charo",F,Mile,5:13.06,313.06,,s,time,False,11th,2026 Penn Invitational,"Jan 30, 2026",2026-01-30,Indoor,2026
8916247,"Heijnen, Charo",F,Mile,5:10.48,310.48,,s,time,False,5th,Yale-Dartmouth-Columbia,"Jan 17, 2026",2026-01-17,Indoor,2026
8916247,"Heijnen, Charo",F,6k,22:14.5,1334.5,,s,time,False,217th,Lehigh Paul Short Run (College),"Oct  5, 2024",2024-10-05,Outdoor,2024
8916247,"Heijnen, Charo",F,4k,14:44.7,884.7,,s,time,False,5th,Harvard Yale XC 2024,"Sep  6, 2024",2024-09-06,Outdoor,2024
8626123,"Henderson, Daniella",F,1500,4:37.38,277.38,,s,time,False,21st,2026 Ivy League Heptagonal Outdoor Track and Field Champions,"May 16-17, 2026",2026-05-16,Outdoor,2026
8626123,"Henderson, Daniella",F,4x800,8:49.37,529.37,,s,time,False,,Penn Relays,"Apr 23-25, 2026",2026-04-23,Outdoor,2026
8626123,"Henderson, Daniella",F,1500,4:27.57,267.57,,s,time,False,2nd,Wake Forest Invitational,"Apr 16-17, 2026",2026-04-16,Outdoor,2026
8626123,"Henderson, Daniella",F,Mile,4:58.10,298.1,,s,time,False,16th,2026 Friar Invitational,"Apr 10, 2026",2026-04-10,Outdoor,2026
8626123,"Henderson, Daniella",F,800,2:12.31,132.31,,s,time,False,15th,UCF Black & Gold Challenge,"Mar 20-21, 2026",2026-03-20,Indoor,2026
8626123,"Henderson, Daniella",F,1000,2:50.91,170.91,,s,time,False,4th,Ivy League Heptagonal Indoor Track and Field Championships,"Feb 28-Mar  1, 2026",2026-02-28,Indoor,2026
8626123,"Henderson, Daniella",F,1000,2:49.89,169.89,,s,time,False,5th,Ivy League Heptagonal Indoor Track and Field Championships,"Feb 28-Mar  1, 2026",2026-02-28,Indoor,2026
8626123,"Henderson, Daniella",F,4x800,8:50.82,530.82,,s,time,False,4th,Ivy League Heptagonal Indoor Track and Field Championships,"Feb 28-Mar  1, 2026",2026-02-28,Indoor,2026
8626123,"Henderson, Daniella",F,Mile,4:52.47,292.47,,s,time,False,70th,BU David Hemery Valentine Invitational (Collegiate),"Feb 13-14, 2026",2026-02-13,Indoor,2026
8626123,"Henderson, Daniella",F,3000,9:52.13,592.13,,s,time,False,1st,2026 Penn Invitational,"Jan 30, 2026",2026-01-30,Indoor,2026
8626123,"Henderson, Daniella",F,Mile,4:56.87,296.87,,s,time,False,3rd,Dr. Sander Scorcher / Columbia Challenge,"Jan 23-24, 2026",2026-01-23,Indoor,2026
8626123,"Henderson, Daniella",F,Mile,4:59.10,299.1,,s,time,False,3rd,Yale Season Opener,"Dec  6, 2025",2025-12-06,Indoor,2025
8626123,"Henderson, Daniella",F,6k,21:29.8,1289.8,,s,time,False,96th,NCAA Division I Northeast Region Cross Country Championships,"Nov 14, 2025",2025-11-14,Outdoor,2025
8626123,"Henderson, Daniella",F,6k,22:13.4,1333.4,,s,time,False,33rd,2025 Ivy League Cross Country Championships,"Oct 31, 2025",2025-10-31,Outdoor,2025
8626123,"Henderson, Daniella",F,6k,21:05.5,1265.5,,s,time,False,51st,Princeton Fall Classic,"Oct 17, 2025",2025-10-17,Outdoor,2025
8626123,"Henderson, Daniella",F,6k,21:17.0,1277.0,,s,time,False,98th,Paul Short Run (College),"Oct  3, 2025",2025-10-03,Outdoor,2025
8626123,"Henderson, Daniella",F,5k,18:54.2,1134.2,,s,time,False,24th,Iona Br. Paddy Doyle Meet of Champions,"Sep 12, 2025",2025-09-12,Outdoor,2025
8626123,"Henderson, Daniella",F,1500,4:42.04,282.04,,s,time,False,18th,Ivy League Heptagonal Outdoor Track and Field Championships,"May 10-11, 2025",2025-05-10,Outdoor,2025
8626123,"Henderson, Daniella",F,1500,4:35.27,275.27,,s,time,False,1st,2025 Mark Young Invitational,"Apr 19, 2025",2025-04-19,Outdoor,2025
8626123,"Henderson, Daniella",F,4x400,4:02.74,242.74,,s,time,False,3rd,2025 Mark Young Invitational,"Apr 19, 2025",2025-04-19,Outdoor,2025
8626123,"Henderson, Daniella",F,1500,4:41.79,281.79,,s,time,False,3rd,The Transatlantic Series - HYOC,"Apr 12, 2025",2025-04-12,Outdoor,2025
8626123,"Henderson, Daniella",F,800,2:14.84,134.84,,s,time,False,16th,Sam Howell Invitational,"Apr  4, 2025",2025-04-04,Outdoor,2025
8626123,"Henderson, Daniella",F,1500,4:42.95,282.95,,s,time,False,6th,Black & Gold Invitational,"Mar 28-29, 2025",2025-03-28,Indoor,2025
8626123,"Henderson, Daniella",F,1000,2:58.53,178.53,,s,time,False,14th,Ivy League Heptagonal Indoor Track and Field Championships,"Mar  1- 2, 2025",2025-03-01,Indoor,2025
8626123,"Henderson, Daniella",F,Mile,5:02.72,302.72,,s,time,False,7th,Yale Giegengack Invitational,"Feb 15, 2025",2025-02-15,Indoor,2025
8626123,"Henderson, Daniella",F,4x400,4:04.69,244.69,,s,time,False,3rd,Yale Giegengack Invitational,"Feb 15, 2025",2025-02-15,Indoor,2025
8626123,"Henderson, Daniella",F,1000,2:58.05,178.05,,s,time,False,15th,Bruce Lehane Scarlet and White Invitational,"Feb  8, 2025",2025-02-08,Indoor,2025
8626123,"Henderson, Daniella",F,Mile,4:59.43,299.43,,s,time,False,2nd,Yale Season Opener,"Dec  7, 2024",2024-12-07,Indoor,2024
8626123,"Henderson, Daniella",F,4x400,3:53.49,233.49,,s,time,False,1st,Yale Season Opener,"Dec  7, 2024",2024-12-07,Indoor,2024
8626123,"Henderson, Daniella",F,6k,21:31.7,1291.7,,s,time,False,78th,NCAA Division I Northeast Region Cross Country Championships,"Nov 15, 2024",2024-11-15,Outdoor,2024
8626123,"Henderson, Daniella",F,6k,21:35.5,1295.5,,s,time,False,50th,Ivy League Heptagonal Cross Country Championships,"Nov  2, 2024",2024-11-02,Outdoor,2024
8626123,"Henderson, Daniella",F,6k,21:53.9,1313.9,,s,time,False,35th,2024 IC4A/ECAC XC Championship,"Oct 18, 2024",2024-10-18,Outdoor,2024
8626123,"Henderson, Daniella",F,6k,21:40.4,1300.4,,s,time,False,131st,Lehigh Paul Short Run (College),"Oct  5, 2024",2024-10-05,Outdoor,2024
8626123,"Henderson, Daniella",F,4k,15:02.5,902.5,,s,time,False,8th,Harvard Yale XC 2024,"Sep  6, 2024",2024-09-06,Outdoor,2024
8626123,"Henderson, Daniella",F,800,2:14.12,134.12,,s,time,False,3rd,2024 Yale Twilight,"May 11, 2024",2024-05-11,Outdoor,2024
8626123,"Henderson, Daniella",F,1500,DNF,,,,time,False,,2024 Yale Twilight,"May 11, 2024",2024-05-11,Outdoor,2024
8626123,"Henderson, Daniella",F,800,2:14.46,134.46,,s,time,False,20th,Ivy League Heptagonal Outdoor Track & Field Championships,"May  4- 5, 2024",2024-05-04,Outdoor,2024
8626123,"Henderson, Daniella",F,4x800,8:53.50,533.5,,s,time,False,8th,Ivy League Heptagonal Outdoor Track & Field Championships,"May  4- 5, 2024",2024-05-04,Outdoor,2024
8626123,"Henderson, Daniella",F,800,2:13.49,133.49,,s,time,False,1st,2024 Yale Springtime,"Apr 28, 2024",2024-04-28,Outdoor,2024
8626123,"Henderson, Daniella",F,800,2:14.45,134.45,,s,time,False,2nd,2024 Mark Young Invitational,"Apr 20, 2024",2024-04-20,Outdoor,2024
8626123,"Henderson, Daniella",F,4x400,4:07.22,247.22,,s,time,False,1st,2024 Mark Young Invitational,"Apr 20, 2024",2024-04-20,Outdoor,2024
8626123,"Henderson, Daniella",F,1500,4:49.50,289.5,,s,time,False,13th,UCONN Northeast Challenge,"Apr 12-13, 2024",2024-04-12,Outdoor,2024
8626123,"Henderson, Daniella",F,4x400,4:07.54,247.54,,s,time,False,10th,UCONN Northeast Challenge,"Apr 12-13, 2024",2024-04-12,Outdoor,2024
8626123,"Henderson, Daniella",F,800,2:17.86,137.86,,s,time,False,2nd,2024 Yale vs. Harvard Dual,"Apr  6, 2024",2024-04-06,Outdoor,2024
8626123,"Henderson, Daniella",F,800,2:21.46,141.46,,s,time,False,13th,UCONN Dog Fight,"Mar 30, 2024",2024-03-30,Indoor,2024
8626123,"Henderson, Daniella",F,1500,4:56.36,296.36,,s,time,False,14th,UCONN Dog Fight,"Mar 30, 2024",2024-03-30,Indoor,2024
8626123,"Henderson, Daniella",F,800,2:17.38,137.38,,s,time,False,28th,IC4A/ECAC Indoor Track & Field Championships,"Mar  1- 3, 2024",2024-03-01,Indoor,2024
8626123,"Henderson, Daniella",F,800,2:19.38,139.38,,s,time,False,5th,2024 Giegengack Invitational,"Feb 10, 2024",2024-02-10,Indoor,2024
8626123,"Henderson, Daniella",F,800,2:22.31,142.31,,s,time,False,19th,2024 Riverhawk Invitational,"Jan 26-27, 2024",2024-01-26,Indoor,2024
8626123,"Henderson, Daniella",F,800,2:20.26,140.26,,s,time,False,6th,Y-D-C,"Jan 20, 2024",2024-01-20,Indoor,2024
8626123,"Henderson, Daniella",F,4x800,9:35.64,575.64,,s,time,False,5th,Y-D-C,"Jan 20, 2024",2024-01-20,Indoor,2024
8626123,"Henderson, Daniella",F,6k,22:59.3,1379.3,,s,time,False,130th,IC4A/ECAC XC Championship,"Oct 13, 2023",2023-10-13,Outdoor,2023
8626123,"Henderson, Daniella",F,6k,22:58.5,1378.5,,s,time,False,256th,Lehigh Paul Short Run (College),"Sep 30, 2023",2023-09-30,Outdoor,2023
8626123,"Henderson, Daniella",F,5k,19:22.8,1162.8,,s,time,False,13th,Codfish Bowl,"Sep 23, 2023",2023-09-23,Outdoor,2023
8626123,"Henderson, Daniella",F,4k,15:13.0,913.0,,s,time,False,28th,2023 HYP,"Sep  9, 2023",2023-09-09,Outdoor,2023
8916248,"Jin, Lily",F,3000,10:36.75,636.75,,s,time,False,9th,2026 Penn Invitational,"Jan 30, 2026",2026-01-30,Indoor,2026
8916248,"Jin, Lily",F,Mile,5:14.94,314.94,,s,time,False,36th,Dr. Sander Scorcher / Columbia Challenge,"Jan 23-24, 2026",2026-01-23,Indoor,2026
8916248,"Jin, Lily",F,4x800,9:11.45,551.45,,s,time,False,2nd,Yale-Dartmouth-Columbia,"Jan 17, 2026",2026-01-17,Indoor,2026
8916248,"Jin, Lily",F,6k,DNS,,,,time,False,,NCAA Division I Northeast Region Cross Country Championships,"Nov 14, 2025",2025-11-14,Outdoor,2025
8916248,"Jin, Lily",F,6k,23:09.7,1389.7,,s,time,False,63rd,2025 Ivy League Cross Country Championships,"Oct 31, 2025",2025-10-31,Outdoor,2025
8916248,"Jin, Lily",F,6k,21:54.4,1314.4,,s,time,False,135th,Princeton Fall Classic,"Oct 17, 2025",2025-10-17,Outdoor,2025
8916248,"Jin, Lily",F,6k,21:53.0,1313.0,,s,time,False,196th,Paul Short Run (College),"Oct  3, 2025",2025-10-03,Outdoor,2025
8916248,"Jin, Lily",F,5k,19:39.9,1179.9,,s,time,False,1st,Fordham Fiasco 2025,"Sep  6, 2025",2025-09-06,Outdoor,2025
8916248,"Jin, Lily",F,Mile,5:07.67,307.67,,s,time,False,13th,Yale Giegengack Invitational,"Feb 15, 2025",2025-02-15,Indoor,2025
8916248,"Jin, Lily",F,4x400,4:04.69,244.69,,s,time,False,3rd,Yale Giegengack Invitational,"Feb 15, 2025",2025-02-15,Indoor,2025
8916248,"Jin, Lily",F,3000,10:21.30,621.3,,s,time,False,1st,Coach Greg Roy-al Rumble,"Feb  1, 2025",2025-02-01,Indoor,2025
8916248,"Jin, Lily",F,3000,10:25.69,625.69,,s,time,False,6th,Dartmouth Yale Columbia,"Jan 18, 2025",2025-01-18,Indoor,2025
8916248,"Jin, Lily",F,Mile,5:20.05,320.05,,s,time,False,8th,Yale Season Opener,"Dec  7, 2024",2024-12-07,Indoor,2024
8916248,"Jin, Lily",F,6k,DNF,,,,time,False,,Ivy League Heptagonal Cross Country Championships,"Nov  2, 2024",2024-11-02,Outdoor,2024
8916248,"Jin, Lily",F,6k,22:34.1,1354.1,,s,time,False,66th,2024 IC4A/ECAC XC Championship,"Oct 18, 2024",2024-10-18,Outdoor,2024
8916248,"Jin, Lily",F,6k,22:43.4,1363.4,,s,time,False,49th,Lehigh Paul Short Run (College),"Oct  5, 2024",2024-10-05,Outdoor,2024
8916248,"Jin, Lily",F,5k,19:24.7,1164.7,,s,time,False,11th,Codfish Bowl,"Sep 21, 2024",2024-09-21,Outdoor,2024
8916248,"Jin, Lily",F,4k,15:56.5,956.5,,s,time,False,22nd,Harvard Yale XC 2024,"Sep  6, 2024",2024-09-06,Outdoor,2024
8280201,"Joyce, Cara",F,6k,23:06.0,1386.0,,s,time,False,61st,2025 Ivy League Cross Country Championships,"Oct 31, 2025",2025-10-31,Outdoor,2025
8280201,"Joyce, Cara",F,6k,22:53.4,1373.4,,s,time,False,217th,Princeton Fall Classic,"Oct 17, 2025",2025-10-17,Outdoor,2025
8280201,"Joyce, Cara",F,6k,22:27.2,1347.2,,s,time,False,56th,Paul Short Run (College),"Oct  3, 2025",2025-10-03,Outdoor,2025
8280201,"Joyce, Cara",F,5k,20:44.7,1244.7,,s,time,False,9th,Fordham Fiasco 2025,"Sep  6, 2025",2025-09-06,Outdoor,2025
8280201,"Joyce, Cara",F,6k,22:00.3,1320.3,,s,time,False,119th,NCAA Division I Northeast Region Cross Country Championships,"Nov 15, 2024",2024-11-15,Outdoor,2024
8280201,"Joyce, Cara",F,6k,21:13.5,1273.5,,s,time,False,32nd,Ivy League Heptagonal Cross Country Championships,"Nov  2, 2024",2024-11-02,Outdoor,2024
8280201,"Joyce, Cara",F,6k,21:53.5,1313.5,,s,time,False,162nd,Lehigh Paul Short Run (College),"Oct  5, 2024",2024-10-05,Outdoor,2024
8280201,"Joyce, Cara",F,4k,15:03.5,903.5,,s,time,False,9th,Harvard Yale XC 2024,"Sep  6, 2024",2024-09-06,Outdoor,2024
8280201,"Joyce, Cara",F,6k,24:16.5,1456.5,,s,time,False,82nd,Ivy League Heptagonal Cross Country Championships,"Oct 28, 2023",2023-10-28,Outdoor,2023
8280201,"Joyce, Cara",F,6k,23:13.4,1393.4,,s,time,False,96th,XC23 College & Open,"Oct 14, 2023",2023-10-14,Outdoor,2023
8280201,"Joyce, Cara",F,4k,14:52.0,892.0,,s,time,False,23rd,2023 HYP,"Sep  9, 2023",2023-09-09,Outdoor,2023
8280201,"Joyce, Cara",F,6k,24:21.3,1461.3,,s,time,False,214th,IC4A/ECAC XC Championship,"Oct 14, 2022",2022-10-14,Outdoor,2022
8280201,"Joyce, Cara",F,5k,20:49.9,1249.9,,s,time,False,39th,HYP,"Sep 10, 2022",2022-09-10,Outdoor,2022
8280202,"Lorsbach, Miranda",F,6k,23:44.2,1424.2,,s,time,False,72nd,2025 Ivy League Cross Country Championships,"Oct 31, 2025",2025-10-31,Outdoor,2025
8280202,"Lorsbach, Miranda",F,6k,22:28.0,1348.0,,s,time,False,175th,Princeton Fall Classic,"Oct 17, 2025",2025-10-17,Outdoor,2025
8280202,"Lorsbach, Miranda",F,6k,22:49.0,1369.0,,s,time,False,274th,Paul Short Run (College),"Oct  3, 2025",2025-10-03,Outdoor,2025
8280202,"Lorsbach, Miranda",F,5k,20:04.5,1204.5,,s,time,False,2nd,Fordham Fiasco 2025,"Sep  6, 2025",2025-09-06,Outdoor,2025
8280202,"Lorsbach, Miranda",F,6k,23:01.4,1381.4,,s,time,False,92nd,2024 IC4A/ECAC XC Championship,"Oct 18, 2024",2024-10-18,Outdoor,2024
8280202,"Lorsbach, Miranda",F,6k,22:56.9,1376.9,,s,time,False,64th,Lehigh Paul Short Run (College),"Oct  5, 2024",2024-10-05,Outdoor,2024
8280202,"Lorsbach, Miranda",F,5k,19:52.9,1192.9,,s,time,False,19th,Codfish Bowl,"Sep 21, 2024",2024-09-21,Outdoor,2024
8280202,"Lorsbach, Miranda",F,4k,15:48.7,948.7,,s,time,False,20th,Harvard Yale XC 2024,"Sep  6, 2024",2024-09-06,Outdoor,2024
8280202,"Lorsbach, Miranda",F,4k,15:16.7,916.7,,s,time,False,29th,2023 HYP,"Sep  9, 2023",2023-09-09,Outdoor,2023
8280202,"Lorsbach, Miranda",F,6k,DNF,,,,time,False,,Ivy League Heptagonal Cross Country Championships,"Oct 28, 2022",2022-10-28,Outdoor,2022
8280202,"Lorsbach, Miranda",F,6k,23:06.6,1386.6,,s,time,False,157th,Weis-Crockett Invitational,"Oct 15, 2022",2022-10-15,Outdoor,2022
8280202,"Lorsbach, Miranda",F,6k,21:47.8,1307.8,,s,time,False,249th,Lehigh Paul Short Run (College),"Sep 30, 2022",2022-09-30,Outdoor,2022
8280202,"Lorsbach, Miranda",F,5k,18:29.8,1109.8,,s,time,False,51st,Coast-to-Coast Battle in Beantown,"Sep 23, 2022",2022-09-23,Outdoor,2022
8280202,"Lorsbach, Miranda",F,5k,18:58.8,1138.8,,s,time,False,21st,HYP,"Sep 10, 2022",2022-09-10,Outdoor,2022
8916249,"Lovshin, Muriel",F,6k,22:39.7,1359.7,,s,time,False,198th,Princeton Fall Classic,"Oct 17, 2025",2025-10-17,Outdoor,2025
8916249,"Lovshin, Muriel",F,6k,22:07.9,1327.9,,s,time,False,33rd,Paul Short Run (College),"Oct  3, 2025",2025-10-03,Outdoor,2025
8916249,"Lovshin, Muriel",F,5k,DNS,,,,time,False,,Iona Br. Paddy Doyle Meet of Champions,"Sep 12, 2025",2025-09-12,Outdoor,2025
8916249,"Lovshin, Muriel",F,Mile,5:11.57,311.57,,s,time,False,26th,2025 Riverhawk Invitational,"Jan 24-25, 2025",2025-01-24,Indoor,2025
8916249,"Lovshin, Muriel",F,6k,21:16.2,1276.2,,s,time,False,83rd,Lehigh Paul Short Run (College),"Oct  5, 2024",2024-10-05,Outdoor,2024
8916249,"Lovshin, Muriel",F,4k,14:41.1,881.1,,s,time,False,4th,Harvard Yale XC 2024,"Sep  6, 2024",2024-09-06,Outdoor,2024
8916251,"Martonfi, Zoe",F,3000S,10:25.88,625.88,,s,time,False,34th,NCAA Division I East First Rounds,"May 27-30, 2026",2026-05-27,Outdoor,2026
8916251,"Martonfi, Zoe",F,3000S,10:21.87,621.87,,s,time,False,5th,2026 Ivy League Heptagonal Outdoor Track and Field Champions,"May 16-17, 2026",2026-05-16,Outdoor,2026
8916251,"Martonfi, Zoe",F,3000S,10:16.68,616.68,,s,time,False,,Penn Relays,"Apr 23-25, 2026",2026-04-23,Outdoor,2026
8916251,"Martonfi, Zoe",F,1500,4:25.17,265.17,,s,time,False,5th,Bison Outdoor Classic,"Apr 11-13, 2026",2026-04-11,Outdoor,2026
8916251,"Martonfi, Zoe",F,3000S,10:38.76,638.76,,s,time,False,33rd,Raleigh Relays,"Mar 26-28, 2026",2026-03-26,Indoor,2026
8916251,"Martonfi, Zoe",F,Mile,4:49.83,289.83,,s,time,False,12th,Ivy League Heptagonal Indoor Track and Field Championships,"Feb 28-Mar  1, 2026",2026-02-28,Indoor,2026
8916251,"Martonfi, Zoe",F,4x800,8:50.82,530.82,,s,time,False,4th,Ivy League Heptagonal Indoor Track and Field Championships,"Feb 28-Mar  1, 2026",2026-02-28,Indoor,2026
8916251,"Martonfi, Zoe",F,3000,9:37.59,577.59,,s,time,False,84th,BU David Hemery Valentine Invitational (Collegiate),"Feb 13-14, 2026",2026-02-13,Indoor,2026
8916251,"Martonfi, Zoe",F,Mile,4:49.44,289.44,,s,time,False,1st,2026 Penn Invitational,"Jan 30, 2026",2026-01-30,Indoor,2026
8916251,"Martonfi, Zoe",F,3000,9:38.31,578.31,,s,time,False,9th,Dr. Sander Scorcher / Columbia Challenge,"Jan 23-24, 2026",2026-01-23,Indoor,2026
8916251,"Martonfi, Zoe",F,Mile,4:53.22,293.22,,s,time,False,1st,Yale-Dartmouth-Columbia,"Jan 17, 2026",2026-01-17,Indoor,2026
8916251,"Martonfi, Zoe",F,4x800,9:11.45,551.45,,s,time,False,2nd,Yale-Dartmouth-Columbia,"Jan 17, 2026",2026-01-17,Indoor,2026
8916251,"Martonfi, Zoe",F,Mile,4:54.85,294.85,,s,time,False,1st,Yale Season Opener,"Dec  6, 2025",2025-12-06,Indoor,2025
8916251,"Martonfi, Zoe",F,6k,DNS,,,,time,False,,NCAA Division I Northeast Region Cross Country Championships,"Nov 14, 2025",2025-11-14,Outdoor,2025
8916251,"Martonfi, Zoe",F,6k,26:13.7,1573.7,,s,time,False,91st,2025 Ivy League Cross Country Championships,"Oct 31, 2025",2025-10-31,Outdoor,2025
8916251,"Martonfi, Zoe",F,6k,21:19.1,1279.1,,s,time,False,73rd,Princeton Fall Classic,"Oct 17, 2025",2025-10-17,Outdoor,2025
8916251,"Martonfi, Zoe",F,6k,21:38.1,1298.1,,s,time,False,162nd,Paul Short Run (College),"Oct  3, 2025",2025-10-03,Outdoor,2025
8916251,"Martonfi, Zoe",F,5k,18:56.8,1136.8,,s,time,False,26th,Iona Br. Paddy Doyle Meet of Champions,"Sep 12, 2025",2025-09-12,Outdoor,2025
8916251,"Martonfi, Zoe",F,3000S,10:40.08,640.08,,s,time,False,6th,Ivy League Heptagonal Outdoor Track and Field Championships,"May 10-11, 2025",2025-05-10,Outdoor,2025
8916251,"Martonfi, Zoe",F,1500,4:27.31,267.31,,s,time,False,3rd,UMASS Ken O'Brien Pre-Conference Qualifier,"Apr 25-27, 2025",2025-04-25,Outdoor,2025
8916251,"Martonfi, Zoe",F,3000S,10:45.99,645.99,,s,time,False,1st,The Transatlantic Series - HYOC,"Apr 12, 2025",2025-04-12,Outdoor,2025
8916251,"Martonfi, Zoe",F,3000S,10:52.91,652.91,,s,time,False,4th,Sam Howell Invitational,"Apr  4, 2025",2025-04-04,Outdoor,2025
8916251,"Martonfi, Zoe",F,1500,4:37.64,277.64,,s,time,False,2nd,Black & Gold Invitational,"Mar 28-29, 2025",2025-03-28,Indoor,2025
8916251,"Martonfi, Zoe",F,Mile,4:59.64,299.64,,s,time,False,12th,Ivy League Heptagonal Indoor Track and Field Championships,"Mar  1- 2, 2025",2025-03-01,Indoor,2025
8916251,"Martonfi, Zoe",F,4x800,8:50.59,530.59,,s,time,False,7th,Ivy League Heptagonal Indoor Track and Field Championships,"Mar  1- 2, 2025",2025-03-01,Indoor,2025
8916251,"Martonfi, Zoe",F,1500,4:35.92,275.92,,s,time,False,121st,Boston University David Hemery Valentine Invitational,"Feb 14-15, 2025",2025-02-14,Indoor,2025
8916251,"Martonfi, Zoe",F,Mile,4:54.40,294.4,,s,time,False,109th,Boston University David Hemery Valentine Invitational,"Feb 14-15, 2025",2025-02-14,Indoor,2025
8916251,"Martonfi, Zoe",F,800,2:13.57,133.57,,s,time,False,34th,Bruce Lehane Scarlet and White Invitational,"Feb  8, 2025",2025-02-08,Indoor,2025
8916251,"Martonfi, Zoe",F,1000,2:52.78,172.78,,s,time,False,18th,Boston University John Thomas Terrier Classic,"Jan 31-Feb  1, 2025",2025-01-31,Indoor,2025
8916251,"Martonfi, Zoe",F,Mile,5:07.99,307.99,,s,time,False,21st,2025 Riverhawk Invitational,"Jan 24-25, 2025",2025-01-24,Indoor,2025
8916251,"Martonfi, Zoe",F,3000,10:04.17,604.17,,s,time,False,2nd,Dartmouth Yale Columbia,"Jan 18, 2025",2025-01-18,Indoor,2025
8916251,"Martonfi, Zoe",F,Mile,4:59.97,299.97,,s,time,False,3rd,Yale Season Opener,"Dec  7, 2024",2024-12-07,Indoor,2024
8916251,"Martonfi, Zoe",F,4x400,3:53.49,233.49,,s,time,False,1st,Yale Season Opener,"Dec  7, 2024",2024-12-07,Indoor,2024
8916251,"Martonfi, Zoe",F,6k,22:06.3,1326.3,,s,time,False,65th,Ivy League Heptagonal Cross Country Championships,"Nov  2, 2024",2024-11-02,Outdoor,2024
8916251,"Martonfi, Zoe",F,6k,21:45.2,1305.2,,s,time,False,25th,2024 IC4A/ECAC XC Championship,"Oct 18, 2024",2024-10-18,Outdoor,2024
8916251,"Martonfi, Zoe",F,6k,21:56.7,1316.7,,s,time,False,16th,Lehigh Paul Short Run (College),"Oct  5, 2024",2024-10-05,Outdoor,2024
8916251,"Martonfi, Zoe",F,5k,19:08.3,1148.3,,s,time,False,7th,Codfish Bowl,"Sep 21, 2024",2024-09-21,Outdoor,2024
8916251,"Martonfi, Zoe",F,4k,15:22.5,922.5,,s,time,False,16th,Harvard Yale XC 2024,"Sep  6, 2024",2024-09-06,Outdoor,2024
8916252,"Piot, Julie",F,3000,10:14.42,614.42,,s,time,False,9th,UConn Dog Fight,"Apr  4, 2026",2026-04-04,Outdoor,2026
8916252,"Piot, Julie",F,3000,10:16.13,616.13,,s,time,False,3rd,Yale Giegengack Invitational,"Feb 14, 2026",2026-02-14,Indoor,2026
8916252,"Piot, Julie",F,3000,10:19.20,619.2,,s,time,False,14th,Dr. Sander Scorcher / Columbia Challenge,"Jan 23-24, 2026",2026-01-23,Indoor,2026
8916252,"Piot, Julie",F,4k,15:01.5,901.5,,s,time,False,7th,Harvard Yale XC 2024,"Sep  6, 2024",2024-09-06,Outdoor,2024
8280203,"Poe, Marisa",F,5k,DNS,,,,time,False,,Iona Br. Paddy Doyle Meet of Champions,"Sep 12, 2025",2025-09-12,Outdoor,2025
8280203,"Poe, Marisa",F,6k,21:16.0,1276.0,,s,time,False,62nd,NCAA Division I Northeast Region Cross Country Championships,"Nov 15, 2024",2024-11-15,Outdoor,2024
8280203,"Poe, Marisa",F,6k,21:11.9,1271.9,,s,time,False,29th,Ivy League Heptagonal Cross Country Championships,"Nov  2, 2024",2024-11-02,Outdoor,2024
8280203,"Poe, Marisa",F,6k,21:15.4,1275.4,,s,time,False,82nd,Lehigh Paul Short Run (College),"Oct  5, 2024",2024-10-05,Outdoor,2024
8280203,"Poe, Marisa",F,4k,15:12.3,912.3,,s,time,False,12th,Harvard Yale XC 2024,"Sep  6, 2024",2024-09-06,Outdoor,2024
8280203,"Poe, Marisa",F,6k,20:59.8,1259.8,,s,time,False,56th,NCAA Division I Northeast Region Cross Country Championships,"Nov 10, 2023",2023-11-10,Outdoor,2023
8280203,"Poe, Marisa",F,6k,21:55.9,1315.9,,s,time,False,25th,Ivy League Heptagonal Cross Country Championships,"Oct 28, 2023",2023-10-28,Outdoor,2023
8280203,"Poe, Marisa",F,4k,14:09.7,849.7,,s,time,False,13th,2023 HYP,"Sep  9, 2023",2023-09-09,Outdoor,2023
8280203,"Poe, Marisa",F,6k,23:52.8,1432.8,,s,time,False,85th,Ivy League Heptagonal Cross Country Championships,"Oct 28, 2022",2022-10-28,Outdoor,2022
8280203,"Poe, Marisa",F,6k,22:54.6,1374.6,,s,time,False,87th,IC4A/ECAC XC Championship,"Oct 14, 2022",2022-10-14,Outdoor,2022
8280203,"Poe, Marisa",F,6k,22:34.0,1354.0,,s,time,False,351st,Lehigh Paul Short Run (College),"Sep 30, 2022",2022-09-30,Outdoor,2022
9163719,"Polay, Sophie",F,3000,10:48.92,648.92,,s,time,False,12th,2026 Penn Invitational,"Jan 30, 2026",2026-01-30,Indoor,2026
9163719,"Polay, Sophie",F,3000,10:15.14,615.14,,s,time,False,10th,Dr. Sander Scorcher / Columbia Challenge,"Jan 23-24, 2026",2026-01-23,Indoor,2026
8916253,"Sanok Dufallo, Sylvie",F,800,2:13.46,133.46,,s,time,False,15th,2026 Ivy League Heptagonal Outdoor Track and Field Champions,"May 16-17, 2026",2026-05-16,Outdoor,2026
8916253,"Sanok Dufallo, Sylvie",F,4x800,8:45.32,525.32,,s,time,False,3rd,2026 Ivy League Heptagonal Outdoor Track and Field Champions,"May 16-17, 2026",2026-05-16,Outdoor,2026
8916253,"Sanok Dufallo, Sylvie",F,4x800,8:49.37,529.37,,s,time,False,,Penn Relays,"Apr 23-25, 2026",2026-04-23,Outdoor,2026
8916253,"Sanok Dufallo, Sylvie",F,800,2:11.31,131.31,,s,time,False,7th,Wake Forest Invitational,"Apr 16-17, 2026",2026-04-16,Outdoor,2026
8916253,"Sanok Dufallo, Sylvie",F,800,2:12.16,132.16,,s,time,False,17th,Bison Outdoor Classic,"Apr 11-13, 2026",2026-04-11,Outdoor,2026
8916253,"Sanok Dufallo, Sylvie",F,800,2:16.41,136.41,,s,time,False,27th,UCF Black & Gold Challenge,"Mar 20-21, 2026",2026-03-20,Indoor,2026
8916253,"Sanok Dufallo, Sylvie",F,800,2:09.63,129.63,,s,time,False,8th,Ivy League Heptagonal Indoor Track and Field Championships,"Feb 28-Mar  1, 2026",2026-02-28,Indoor,2026
8916253,"Sanok Dufallo, Sylvie",F,800,2:11.17,131.17,,s,time,False,7th,Ivy League Heptagonal Indoor Track and Field Championships,"Feb 28-Mar  1, 2026",2026-02-28,Indoor,2026
8916253,"Sanok Dufallo, Sylvie",F,4x800,8:50.82,530.82,,s,time,False,4th,Ivy League Heptagonal Indoor Track and Field Championships,"Feb 28-Mar  1, 2026",2026-02-28,Indoor,2026
8916253,"Sanok Dufallo, Sylvie",F,800,2:10.98,130.98,,s,time,False,34th,BU David Hemery Valentine Invitational (Collegiate),"Feb 13-14, 2026",2026-02-13,Indoor,2026
8916253,"Sanok Dufallo, Sylvie",F,800,2:10.63,130.63,,s,time,False,2nd,2026 Penn Invitational,"Jan 30, 2026",2026-01-30,Indoor,2026
8916253,"Sanok Dufallo, Sylvie",F,4x400,4:05.52,245.52,,s,time,False,8th,2026 Penn Invitational,"Jan 30, 2026",2026-01-30,Indoor,2026
8916253,"Sanok Dufallo, Sylvie",F,Mile,4:54.07,294.07,,s,time,False,2nd,Dr. Sander Scorcher / Columbia Challenge,"Jan 23-24, 2026",2026-01-23,Indoor,2026
8916253,"Sanok Dufallo, Sylvie",F,800,2:11.85,131.85,,s,time,False,2nd,Yale-Dartmouth-Columbia,"Jan 17, 2026",2026-01-17,Indoor,2026
8916253,"Sanok Dufallo, Sylvie",F,4x800,9:11.45,551.45,,s,time,False,2nd,Yale-Dartmouth-Columbia,"Jan 17, 2026",2026-01-17,Indoor,2026
8916253,"Sanok Dufallo, Sylvie",F,Mile,DNF,,,,time,False,,Yale Season Opener,"Dec  6, 2025",2025-12-06,Indoor,2025
8916253,"Sanok Dufallo, Sylvie",F,6k,21:11.8,1271.8,,s,time,False,70th,NCAA Division I Northeast Region Cross Country Championships,"Nov 14, 2025",2025-11-14,Outdoor,2025
8916253,"Sanok Dufallo, Sylvie",F,6k,22:33.6,1353.6,,s,time,False,47th,2025 Ivy League Cross Country Championships,"Oct 31, 2025",2025-10-31,Outdoor,2025
8916253,"Sanok Dufallo, Sylvie",F,6k,21:26.8,1286.8,,s,time,False,82nd,Princeton Fall Classic,"Oct 17, 2025",2025-10-17,Outdoor,2025
8916253,"Sanok Dufallo, Sylvie",F,6k,21:52.7,1312.7,,s,time,False,195th,Paul Short Run (College),"Oct  3, 2025",2025-10-03,Outdoor,2025
8916253,"Sanok Dufallo, Sylvie",F,5k,20:24.4,1224.4,,s,time,False,6th,Fordham Fiasco 2025,"Sep  6, 2025",2025-09-06,Outdoor,2025
8916253,"Sanok Dufallo, Sylvie",F,800,2:12.79,132.79,,s,time,False,13th,Ivy League Heptagonal Outdoor Track and Field Championships,"May 10-11, 2025",2025-05-10,Outdoor,2025
8916253,"Sanok Dufallo, Sylvie",F,4x800,8:47.61,527.61,,s,time,False,7th,Ivy League Heptagonal Outdoor Track and Field Championships,"May 10-11, 2025",2025-05-10,Outdoor,2025
8916253,"Sanok Dufallo, Sylvie",F,1500,4:36.44,276.44,,s,time,False,11th,UMASS Ken O'Brien Pre-Conference Qualifier,"Apr 25-27, 2025",2025-04-25,Outdoor,2025
8916253,"Sanok Dufallo, Sylvie",F,800,2:13.57,133.57,,s,time,False,2nd,2025 Mark Young Invitational,"Apr 19, 2025",2025-04-19,Outdoor,2025
8916253,"Sanok Dufallo, Sylvie",F,4x400,4:02.74,242.74,,s,time,False,3rd,2025 Mark Young Invitational,"Apr 19, 2025",2025-04-19,Outdoor,2025
8916253,"Sanok Dufallo, Sylvie",F,800,2:19.64,139.64,,s,time,False,6th,The Transatlantic Series - HYOC,"Apr 12, 2025",2025-04-12,Outdoor,2025
8916253,"Sanok Dufallo, Sylvie",F,4x400,3:56.64,236.64,,s,time,False,1st,The Transatlantic Series - HYOC,"Apr 12, 2025",2025-04-12,Outdoor,2025
8916253,"Sanok Dufallo, Sylvie",F,800,2:12.37,132.37,,s,time,False,15th,UCF Black & Gold Challenge,"Mar 21-22, 2025",2025-03-21,Indoor,2025
8916253,"Sanok Dufallo, Sylvie",F,4x400,3:56.30,236.3,,s,time,False,19th,UCF Black & Gold Challenge,"Mar 21-22, 2025",2025-03-21,Indoor,2025
8916253,"Sanok Dufallo, Sylvie",F,1000,2:53.48,173.48,,s,time,False,10th,Ivy League Heptagonal Indoor Track and Field Championships,"Mar  1- 2, 2025",2025-03-01,Indoor,2025
8916253,"Sanok Dufallo, Sylvie",F,4x800,8:50.59,530.59,,s,time,False,7th,Ivy League Heptagonal Indoor Track and Field Championships,"Mar  1- 2, 2025",2025-03-01,Indoor,2025
8916253,"Sanok Dufallo, Sylvie",F,1000,2:53.69,173.69,,s,time,False,2nd,Yale Giegengack Invitational,"Feb 15, 2025",2025-02-15,Indoor,2025
8916253,"Sanok Dufallo, Sylvie",F,4x400,4:04.69,244.69,,s,time,False,3rd,Yale Giegengack Invitational,"Feb 15, 2025",2025-02-15,Indoor,2025
8916253,"Sanok Dufallo, Sylvie",F,800,2:14.60,134.6,,s,time,False,37th,Bruce Lehane Scarlet and White Invitational,"Feb  8, 2025",2025-02-08,Indoor,2025
8916253,"Sanok Dufallo, Sylvie",F,800,2:13.84,133.84,,s,time,False,7th,2025 Riverhawk Invitational,"Jan 24-25, 2025",2025-01-24,Indoor,2025
8916253,"Sanok Dufallo, Sylvie",F,1000,2:54.67,174.67000000000002,,s,time,False,4th,Dartmouth Yale Columbia,"Jan 18, 2025",2025-01-18,Indoor,2025
8916253,"Sanok Dufallo, Sylvie",F,Mile,5:04.78,304.78,,s,time,False,5th,Yale Season Opener,"Dec  7, 2024",2024-12-07,Indoor,2024
8916253,"Sanok Dufallo, Sylvie",F,4x400,4:02.24,242.24,,s,time,False,3rd,Yale Season Opener,"Dec  7, 2024",2024-12-07,Indoor,2024
8916253,"Sanok Dufallo, Sylvie",F,6k,23:10.7,1390.7,,s,time,False,100th,2024 IC4A/ECAC XC Championship,"Oct 18, 2024",2024-10-18,Outdoor,2024
8916253,"Sanok Dufallo, Sylvie",F,6k,23:08.6,1388.6,,s,time,False,84th,Lehigh Paul Short Run (College),"Oct  5, 2024",2024-10-05,Outdoor,2024
8916253,"Sanok Dufallo, Sylvie",F,5k,19:04.1,1144.1,,s,time,False,6th,Codfish Bowl,"Sep 21, 2024",2024-09-21,Outdoor,2024
8916253,"Sanok Dufallo, Sylvie",F,4k,15:13.3,913.3,,s,time,False,13th,Harvard Yale XC 2024,"Sep  6, 2024",2024-09-06,Outdoor,2024
8626122,"Vilatoro, Kalista",F,6k,21:54.8,1314.8,,s,time,False,202nd,Paul Short Run (College),"Oct  3, 2025",2025-10-03,Outdoor,2025
8626122,"Vilatoro, Kalista",F,5k,20:33.4,1233.4,,s,time,False,8th,Fordham Fiasco 2025,"Sep  6, 2025",2025-09-06,Outdoor,2025
8626122,"Vilatoro, Kalista",F,6k,22:58.9,1378.9,,s,time,False,87th,2024 IC4A/ECAC XC Championship,"Oct 18, 2024",2024-10-18,Outdoor,2024
8280204,"Whitehurst , Charlotte",F,6k,20:54.6,1254.6,,s,time,False,44th,NCAA Division I Northeast Region Cross Country Championships,"Nov 14, 2025",2025-11-14,Outdoor,2025
8280204,"Whitehurst , Charlotte",F,6k,21:36.7,1296.7,,s,time,False,10th,2025 Ivy League Cross Country Championships,"Oct 31, 2025",2025-10-31,Outdoor,2025
8280204,"Whitehurst , Charlotte",F,6k,20:31.2,1231.2,,s,time,False,19th,Princeton Fall Classic,"Oct 17, 2025",2025-10-17,Outdoor,2025
8280204,"Whitehurst , Charlotte",F,6k,20:41.3,1241.3,,s,time,False,40th,Paul Short Run (College),"Oct  3, 2025",2025-10-03,Outdoor,2025
8280204,"Whitehurst , Charlotte",F,5k,18:28.6,1108.6,,s,time,False,12th,Iona Br. Paddy Doyle Meet of Champions,"Sep 12, 2025",2025-09-12,Outdoor,2025
8280204,"Whitehurst , Charlotte",F,6k,21:49.6,1309.6,,s,time,False,104th,NCAA Division I Northeast Region Cross Country Championships,"Nov 15, 2024",2024-11-15,Outdoor,2024
8280204,"Whitehurst , Charlotte",F,6k,21:12.6,1272.6,,s,time,False,30th,Ivy League Heptagonal Cross Country Championships,"Nov  2, 2024",2024-11-02,Outdoor,2024
8280204,"Whitehurst , Charlotte",F,6k,21:19.3,1279.3,,s,time,False,11th,2024 IC4A/ECAC XC Championship,"Oct 18, 2024",2024-10-18,Outdoor,2024
8280204,"Whitehurst , Charlotte",F,6k,21:12.3,1272.3,,s,time,False,74th,Lehigh Paul Short Run (College),"Oct  5, 2024",2024-10-05,Outdoor,2024
8280204,"Whitehurst , Charlotte",F,4k,14:19.1,859.1,,s,time,False,1st,Harvard Yale XC 2024,"Sep  6, 2024",2024-09-06,Outdoor,2024
8280204,"Whitehurst , Charlotte",F,6k,21:47.8,1307.8,,s,time,False,116th,NCAA Division I Northeast Region Cross Country Championships,"Nov 10, 2023",2023-11-10,Outdoor,2023
8280204,"Whitehurst , Charlotte",F,6k,22:05.9,1325.9,,s,time,False,34th,Ivy League Heptagonal Cross Country Championships,"Oct 28, 2023",2023-10-28,Outdoor,2023
8280204,"Whitehurst , Charlotte",F,6k,21:42.3,1302.3,,s,time,False,26th,XC23 College & Open,"Oct 14, 2023",2023-10-14,Outdoor,2023
8280204,"Whitehurst , Charlotte",F,6k,21:50.7,1310.7,,s,time,False,109th,Lehigh Paul Short Run (College),"Sep 30, 2023",2023-09-30,Outdoor,2023
8280204,"Whitehurst , Charlotte",F,4k,14:09.3,849.3,,s,time,False,12th,2023 HYP,"Sep  9, 2023",2023-09-09,Outdoor,2023
8280204,"Whitehurst , Charlotte",F,6k,24:23.0,1463.0,,s,time,False,215th,IC4A/ECAC XC Championship,"Oct 14, 2022",2022-10-14,Outdoor,2022
8280204,"Whitehurst , Charlotte",F,6k,22:33.0,1353.0,,s,time,False,34th,Lehigh Paul Short Run (College),"Sep 30, 2022",2022-09-30,Outdoor,2022
8280204,"Whitehurst , Charlotte",F,5k,20:39.6,1239.6,,s,time,False,38th,HYP,"Sep 10, 2022",2022-09-10,Outdoor,2022
